#Name,Ra_deg,Dec_deg,Class,Remarks
Gaia16aua,213.1949,-59.5612,PSPL,
Gaia16aye,295.0047,30.1315,bin,BHTOM TOI 
Gaia16bnn,277.6759,-37.0714,PSPL,
Gaia17ahl,260.0530,-43.9005,PSPL?,
Gaia17ajg,269.4585,-31.5551,PSPL,BLG507.21.15236   OGLE-2017-BLG-0034 
Gaia17aqu,116.0932,-28.4434,par?,
Gaia17bbi,283.0916,-15.7178,PSPL,
Gaia17bbs,272.7051,-22.6155,PSPL,BLG543.16.58089   OGLE-2016-BLG-1754 
Gaia17bdk,265.6345,-34.1037,Par?,BLG603.25.85063   OGLE-2017-BLG-0157 KMT-2017-BLG-0924 
Gaia17bej,274.2544,-31.3835,PSPL,BHTOM TOI 
Gaia17bts,17.2197,73.8962,PSPL,
Gaia17byk,258.7976,-33.0436,PSPL,
Gaia17bzb,265.5529,-36.3241,PSPL,KMT-2017-BLG-1425 
Gaia17bzc,264.3967,-34.7558,PSPL,OGLE-2017-BLG-1097 KMT-2017-BLG-0683 
Gaia17cab,265.1411,-26.9835,bin,OGLE-2017-BLG-1299 KMT-2017-BLG-0790 
Gaia17cad,265.1283,-26.7588,PSPL,
Gaia17cah,268.9144,-31.3086,PSPL,BLG507.32.4478   OGLE-2017-BLG-0686 MOA-2017-BLG-316 KMT-2017-BLG-0114 
Gaia17cbm,275.2285,-12.8748,PSPL,
Gaia17ccb,268.5214,-32.5578,PSPL,BLG535.09.39189   OGLE-2017-BLG-1497 KMT-2017-BLG-1107 
Gaia17ccl,254.4258,-21.9102,PSPL,
Gaia17cda,265.0626,-46.4978,PSPL,
Gaia17cdh,259.6346,-35.1947,PSPL,BHTOM TOI 
Gaia17chc,296.9239,4.8876,PSPL,
Gaia17css,267.6513,-40.9288,PSPL,
Gaia17ctl,271.4062,-33.6108,Par?,
Gaia17cvv,273.7156,-21.0633,PSPL?,
Gaia17cwc,275.4047,1.1401,PSPL,
Gaia17ddi,295.1001,28.1012,bin/par?,BHTOM TOI 
Gaia17ddp,293.5852,28.2014,PSPL,
Gaia18aip,279.0693,5.5366,PSPL,
Gaia18ajt,267.1333,-35.0880,PSPL,OGLE-2018-BLG-0229 KMT-2018-BLG-1960 
Gaia18aju,268.9227,-29.2201,PSPL,KMT-2018-BLG-2183 
Gaia18ajz,277.5586,-8.2253,Par?,
Gaia18akb,270.6288,-27.8430,PSPL,OGLE-2018-BLG-0088 KMT-2018-BLG-1061 
Gaia18akc,270.2968,-29.0893,PSPL,OGLE-2018-BLG-0098 KMT-2018-BLG-1145 
Gaia18akk,272.4731,-33.6527,PSPL,
Gaia18atk,275.1595,-18.6615,PSPL?,ZTF19aapqnis 
Gaia18auo,273.2117,-34.2793,PSPL,
Gaia18beb,279.8831,-16.9320,PSPL,
Gaia18bmt,214.0148,-56.9134,PSPL,BHTOM TOI 
Gaia18cbf,241.1619,-41.1048,Par,OMEGA TOI BHTOM TOI 
Gaia18ccd,265.2477,-46.6538,PSPL?,
Gaia18ccz,257.6491,-31.7423,PSPL?,
Gaia18cdt,258.4132,-30.0547,?,OGLE-2018-BLG-1509 
Gaia18cdv,259.4395,-26.6945,PSPL,ZTF18ablqlis 
Gaia18cdw,265.4733,-33.1741,PSPL,OGLE-2018-BLG-1462 KMT-2018-BLG-0351 
Gaia18cdy,261.4793,-30.3274,PSPL,OGLE-2018-BLG-1419 KMT-2018-BLG-2477 
Gaia18cdz,264.8400,-33.3631,PSPL,OGLE-2018-BLG-1432 KMT-2018-BLG-1294 
Gaia18cea,266.3609,-35.5366,PSPL,OGLE-2018-BLG-1448 KMT-2018-BLG-1977 
Gaia18ceb,264.8469,-35.2672,PSPL,OGLE-2018-BLG-0658 KMT-2018-BLG-1302 
Gaia18cej,266.8775,-32.5244,PSPL,OGLE-2018-BLG-0662 KMT-2018-BLG-0362 
Gaia18cel,273.3300,-39.1389,PSPL,
Gaia18ceo,267.2795,-33.9872,PSPL,OGLE-2018-BLG-1356 
Gaia18cer,263.9740,-27.5328,PSPL,KMT-2018-BLG-1415 
Gaia18ces,269.2658,-33.9361,PSPL,OGLE-2018-BLG-0988 KMT-2018-BLG-1687 
Gaia18cfb,266.1549,-27.0341,PSPL,OGLE-2018-BLG-1427 KMT-2018-BLG-0548 
Gaia18cfc,268.5731,-30.5694,PSPL,OGLE-2018-BLG-0790 KMT-2018-BLG-2052 
Gaia18cfd,269.0716,-28.7473,bin,OGLE-2018-BLG-1371 KMT-2018-BLG-2125 
Gaia18cff,268.9191,-32.3580,PSPL,KMT-2018-BLG-1683 
Gaia18cfj,270.2134,-31.8928,PSPL,OGLE-2018-BLG-0409 KMT-2018-BLG-2670 
Gaia18cfk,267.6091,-29.6171,PSPL,OGLE-2018-BLG-1353 KMT-2018-BLG-1000 
Gaia18cfs,268.6784,-22.8204,bin,KMT-2018-BLG-1996 
Gaia18cfu,272.5969,-29.8646,PSPL,OGLE-2018-BLG-1399 KMT-2018-BLG-1816 
Gaia18cfy,271.5954,-29.6411,PSPL,OGLE-2018-BLG-0943 KMT-2018-BLG-1177 
Gaia18cfz,272.9236,-30.2740,PSPL,OGLE-2018-BLG-1397 KMT-2018-BLG-1834 
Gaia18cgn,270.1226,-26.8894,PSPL,OGLE-2018-BLG-1254 KMT-2018-BLG-1021 
Gaia18cgp,271.7968,-24.9823,PSPL,OGLE-2018-BLG-0705 KMT-2018-BLG-1882 ZTF18abfoulk 
Gaia18cgu,268.6861,-17.3115,PSPL?,
Gaia18chm,271.0159,-15.4148,PSPL,
Gaia18cho,272.2277,-27.1698,PSPL,OGLE-2018-BLG-0410 KMT-2018-BLG-1766 
Gaia18chq,271.4391,-12.0145,PSPL?,ZTF18ablrdcc 
Gaia18cib,279.1148,-16.5783,PSPL,ZTF18abpfgwu 
Gaia18cik,278.3799,-3.4032,Par?,ZTF18ablpewa BHTOM TOI 
Gaia18cjh,285.3384,-11.4045,PSPL,ZTF18absjezs 
Gaia18cjk,283.7880,-6.6635,Par?,ZTF19aaqsfzf 
Gaia18clg,155.5824,-64.5504,Par?,
Gaia18clr,295.5679,4.6232,PSPL?,
Gaia18cmk,307.1494,22.8305,PSPL,ZTF18abnbmsr 
Gaia18cml,266.5359,-33.5076,PSPL,OGLE-2018-BLG-1620 KMT-2018-BLG-0482 
Gaia18cmx,257.9802,-30.8046,PSPL?,
Gaia18cnm,275.8788,-7.3327,PSPL,ZTF18absrimp 
Gaia18cny,261.4797,-18.0014,PSPL?,
Gaia18csy,202.7504,-59.7202,PSPL,
Gaia18cta,83.2722,-69.5086,PSPL?,OMEGA TOI 
Gaia18cwd,259.2681,-33.2055,PSPL?,
Gaia18cwh,264.4138,-35.3457,PSPL,OGLE-2018-BLG-1523 KMT-2018-BLG-1305 
Gaia18cwu,263.3766,-29.8383,PSPL,OGLE-2018-BLG-1660 KMT-2018-BLG-0608 
Gaia18cxr,266.4224,-22.3261,PSPL,KMT-2018-BLG-0670 
Gaia18cxs,271.0776,-28.1941,PSPL,OGLE-2018-BLG-1212 KMT-2018-BLG-2299 
Gaia18cxt,267.9917,-28.3707,PSPL,OGLE-2018-BLG-1718 KMT-2018-BLG-0863 
Gaia18dep,135.1505,-56.5469,Par?,BHTOM TOI 
Gaia18dif,197.5516,-58.8041,Par,BHTOM TOI 
Gaia18dig,210.5541,-63.1799,?,OMEGA TOI 
Gaia18diq,222.4111,-64.6781,PSPL?,
Gaia18djl,284.3360,-44.3513,PSPL,
Gaia18dma,295.3575,13.8726,PSPL,
Gaia18dmf,295.4844,34.4145,PSPL,ZTF18acdwhon 
Gaia18dml,292.1442,23.1339,PSPL,
Gaia18dvi,297.8796,28.1870,PSPL?,ZTF18acfdjsr 
Gaia18eaa,215.5356,-56.1413,PSPL?,
Gaia18eaz,219.3758,-67.2788,PSPL,
Gaia19aen,200.6089,-60.3231,PSPL?,
Gaia19amx,103.7301,-19.3423,PSPL?,
Gaia19apm,264.8431,-21.8636,PSPL?,
Gaia19apq,266.5038,-24.7592,PSPL,OGLE-2019-BLG-0050 
Gaia19apr,262.3773,-30.5415,bin,OGLE-2019-BLG-0065 KMT-2018-BLG-2470 
Gaia19aqb,275.0880,-10.6405,PSPL?,
Gaia19aqh,204.5270,-64.3564,PSPL,
Gaia19aqn,264.7845,-34.6903,Par?,OGLE-2018-BLG-0813 
Gaia19aqq,245.8707,-50.6270,PSPL,
Gaia19aqw,182.2558,-68.0368,bin,ASASSN-19bv 
Gaia19aqy,282.7887,-9.0302,PSPL,
Gaia19asx,289.1144,26.6535,PSPL,ZTF19aamlgyh 
Gaia19awc,273.9006,-2.2570,PSPL,ZTF19aaonska 
Gaia19axg,269.3346,-20.5723,PSPL,
Gaia19axw,268.3642,-28.3199,PSPL,OGLE-2019-BLG-0140 MOA-2019-BLG-061 KMT-2019-BLG-0007 
Gaia19ayh,262.6418,-27.4918,Par?,OGLE-2018-BLG-0483 
Gaia19ayo,265.2167,-36.0396,PSPL,KMT-2019-BLG-2909 
Gaia19ayp,265.8524,-34.9037,PSPL,OGLE-2019-BLG-0223 KMT-2019-BLG-0016 
Gaia19ayr,259.5280,-32.4203,PSPL?,
Gaia19baa,244.2057,-39.3464,PSPL?,
Gaia19bat,239.0054,-55.2892,PSPL,OMEGA TOI 
Gaia19baz,234.7774,-53.2934,Par?,OMEGA TOI 
Gaia19bcm,156.8948,-71.7010,PSPL,OMEGA TOI BHTOM TOI 
Gaia19bej,139.9749,-54.2206,PSPL,
Gaia19bek,139.5280,-54.4489,PSPL,
Gaia19bfn,103.7039,-23.8205,PSPL,ZTF19aakpvad 
Gaia19bft,260.3645,-21.4674,PSPL,
Gaia19bfu,271.7369,-9.4510,PSPL,
Gaia19bfv,274.7657,-3.5931,PSPL?,
Gaia19bhg,263.3053,-31.0877,PSPL?,
Gaia19bho,265.9358,-33.9178,Par,OGLE-2019-BLG-0390 KMT-2019-BLG-0211 
Gaia19bht,268.8967,-29.0048,PSPL,OGLE-2019-BLG-0022 MOA-2019-BLG-052 KMT-2019-BLG-0052 
Gaia19bhw,267.3231,-30.8515,PSPL,OGLE-2019-BLG-0183 KMT-2019-BLG-0204 
Gaia19bhx,271.9961,-28.8049,PSPL,OGLE-2019-BLG-0417 MOA-2019-BLG-120 KMT-2019-BLG-0291 
Gaia19bic,269.2229,-32.6868,bin,OGLE-2019-BLG-0084 MOA-2019-BLG-060 KMT-2019-BLG-2780 
Gaia19bif,273.2040,-30.3303,PSPL,KMT-2019-BLG-0192 
Gaia19bii,269.5016,-33.7132,PSPL,OGLE-2019-BLG-0087 KMT-2019-BLG-2781 
Gaia19bir,234.6434,-51.2415,Par?,BHTOM TOI 
Gaia19bix,251.1838,-53.0738,PSPL,
Gaia19bjq,55.1976,57.9558,bin/par?,ZTF19aainwvb 
Gaia19bld,189.3856,-66.1114,Par,BHTOM TOI 
Gaia19bmu,244.0123,-67.6488,PSPL,
Gaia19brt,297.7061,34.6373,bin,ZTF19aavisrq 
Gaia19bsy,296.9082,14.2932,bin/par,in ASAS-SN ZTF18aczojlw BHTOM TOI 
Gaia19bzf,290.6633,19.5504,PSPL,ZTF19aatudnj 
Gaia19chi,232.0353,-67.0209,PSPL,
Gaia19cyv,318.2633,43.3376,Par?,ZTF19abftuld BHTOM TOI 
Gaia19dae,309.0341,32.7209,PSPL,ZTF19aavnrqt 
Gaia19dak,302.3652,29.9359,bin/par,ZTF19aavpwbe BHTOM TOI 
Gaia19dke,291.4945,28.4069,Par,ZTF18acdxana OMEGA TOI BHTOM TOI 
Gaia19dqf,265.6872,-19.0984,PSPL?,ZTF19abelllw BHTOM TOI 
Gaia19dqg,279.3372,-3.4715,bin/par?,ZTF19aamrekv 
Gaia19dqh,265.8057,-24.1935,PSPL,OGLE-2019-BLG-1199 KMT-2019-BLG-1757 
Gaia19dqm,290.5176,11.2931,PSPL?,ZTF18abcpzou 
Gaia19dqz,267.9650,-21.8091,PSPL,KMT-2019-BLG-1645 
Gaia19drc,262.8726,-30.3847,PSPL,OGLE-2019-BLG-0837 KMT-2019-BLG-2503 
Gaia19drf,280.1431,-8.8476,PSPL?,ZTF19abqoegq 
Gaia19drv,265.9856,-32.8710,bin?,OGLE-2019-BLG-0169 KMT-2019-BLG-2630 
Gaia19dry,278.1635,-13.1442,PSPL?,
Gaia19drz,285.5394,0.0301,PSPL,
Gaia19dsb,288.5015,5.2031,bin,ZTF19aavtxjc BHTOM TOI 
Gaia19dsl,268.5899,-29.2883,PSPL,OGLE-2019-BLG-0747 MOA-2019-BLG-291 KMT-2019-BLG-0841 
Gaia19dsp,267.3639,-34.2181,PSPL,OGLE-2019-BLG-1111 MOA-2019-BLG-345 KMT-2019-BLG-1604 
Gaia19dtd,272.9919,-29.9231,PSPL,MOA-2019-BLG-112 KMT-2019-BLG-1234 
Gaia19dtk,280.4294,-28.4836,PSPL,
Gaia19dtl,159.0512,-61.5985,?,
Gaia19duh,146.7366,-61.9130,?,
Gaia19duq,195.3813,-67.3655,Par?,
Gaia19dur,283.8717,-10.7520,Par?,ASASSN-19sq ZTF19abcpukt 
Gaia19dus,277.5315,-20.8841,?,
Gaia19duw,298.1994,42.0715,bin/par,BHTOM TOI 
Gaia19dxg,285.5458,-2.9192,PSPL,ZTF19acctqyc 
Gaia19dyo,282.1531,-5.1234,PSPL,ZTF19abtvtfc BHTOM TOI 
Gaia19dzz,276.5826,-7.8255,PSPL,
Gaia19eaw,278.4369,-22.9998,PSPL,
Gaia19eca,272.2020,-24.8825,PSPL,KMT-2019-BLG-2863 ZTF19abagvae BHTOM TOI 
Gaia19ecq,262.6873,-24.2100,PSPL?,
Gaia19ect,269.3059,-29.4579,PSPL,OGLE-2019-BLG-1047 MOA-2019-BLG-399 KMT-2019-BLG-1351 
Gaia19edj,256.3827,-25.1852,PSPL?,
Gaia19efp,244.4485,-56.6495,PSPL,
Gaia19eha,232.0395,-53.9648,PSPL?,
Gaia19eid,216.4052,-62.5592,PSPL,
Gaia19eie,77.7238,-72.6847,PSPL?,OMEGA TOI 
Gaia19eim,200.7762,-63.4019,PSPL,BHTOM TOI 
Gaia19ejl,188.2449,-64.3254,PSPL,
Gaia19eku,165.2140,-61.7568,PSPL,BHTOM TOI 
Gaia19enl,273.9200,-28.9873,bin/par,
Gaia19enj,303.0627,34.9701,PSPL,ZTF19abylddx 
Gaia19enm,267.0548,-37.0334,PSPL,
Gaia19ent,264.5796,-32.7485,PSPL,
Gaia19eob,261.9579,-31.0520,PSPL,OGLE-2019-BLG-1450 
Gaia19eof,266.3192,-24.6483,PSPL,OGLE-2019-BLG-1473 
Gaia19eol,270.1978,-22.1375,PSPL?,
Gaia19eoh,266.2284,-25.1374,PSPL,OGLE-2019-BLG-1424 KMT-2019-BLG-2223 
Gaia19eom,268.4349,-29.8533,PSPL,OGLE-2019-BLG-1403 MOA-2019-BLG-427 KMT-2019-BLG-2965 
Gaia19epd,263.9029,-42.4817,PSPL?,
Gaia19epk,272.7249,-25.7461,PSPL,OGLE-2019-BLG-1266 MOA-2019-BLG-397 KMT-2019-BLG-2801 
Gaia19epm,304.8503,33.0067,PSPL,ZTF19abrhukn OMEGA TOI 
Gaia19ere,213.4528,-58.8577,PSPL?,
Gaia19erl,207.1623,-64.4495,PSPL,
Gaia19esp,194.2462,-63.8131,PSPL,BHTOM TOI 
Gaia19evd,158.1360,-63.2424,PSPL,OMEGA TOI BHTOM TOI 
Gaia19fhn,285.4847,1.5500,?,ZTF20abcpfpo 
Gaia19flf,148.6889,-60.9281,PSPL,ASASSN-19zc 
Gaia19fnb,197.7973,-65.3135,PSPL,
Gaia19foc,317.1224,-47.5435,PSPL?,
Gaia20aoq,165.1225,-39.6662,PSPL?,
Gaia20avj,255.9325,-44.2133,PSPL,
Gaia20awt,265.8610,-36.1070,PSPL?,
Gaia20aya,284.9386,-38.7118,PSPL?,ASASSN-20dv 
Gaia20ayb,274.8720,-31.5030,PSPL,BHTOM TOI 
Gaia20ayc,275.5931,-30.7190,PSPL,
Gaia20aym,274.2681,-24.9320,PSPL,MOA-2020-BLG-017 
Gaia20bgu,205.5590,-64.3157,PSPL,OMEGA TOI BHTOM TOI 
Gaia20bgv,220.1458,-62.4029,PSPL,
Gaia20bhj,271.7463,-45.0250,PSPL,
Gaia20bib,269.0972,-37.8354,PSPL,OMEGA TOI 
Gaia20bic,271.9362,-35.4340,PSPL,
Gaia20biu,265.1154,-34.9757,PSPL,KMT-2020-BLG-0122 
Gaia20biy,262.7522,-30.1970,PSPL,KMT-2020-BLG-0038 OMEGA TOI 
Gaia20biz,280.7081,-16.4006,PSPL?,
Gaia20bja,272.7494,-26.0015,PSPL,MOA-2020-BLG-038 OMEGA TOI 
Gaia20bjg,257.7340,-41.6602,PSPL,
Gaia20bjj,271.4874,-28.1609,PSPL,MOA-2020-BLG-019 
Gaia20bjn,263.3745,-28.3319,PSPL,KMT-2020-BLG-0051 
Gaia20bjo,250.8634,-37.6269,PSPL,OMEGA TOI 
Gaia20bjp,260.9033,-32.5481,PSPL,
Gaia20bka,264.1914,-28.6780,PSPL,
Gaia20bkd,262.5638,-30.0214,PSPL,KMT-2020-BLG-0039 
Gaia20bkt,259.0552,-18.1026,PSPL,ZTF20aasvugc 
Gaia20blm,281.9015,17.1366,PSPL?,
Gaia20blu,257.7310,-16.4101,PSPL,OMEGA TOI 
Gaia20bof,184.6182,-63.4973,bin,OMEGA TOI BHTOM TOI 
Gaia20bor,33.3576,62.5397,?,
Gaia20bpk,222.5274,-65.8296,?,ASASSN-20da AP48790783 
Gaia20brh,250.1070,-54.6662,PSPL?,
Gaia20brz,257.4360,-33.3707,PSPL?,OMEGA TOI 
Gaia20bso,263.5298,-36.5219,PSPL,
Gaia20btb,265.1553,-33.2424,PSPL?,OMEGA TOI 
Gaia20btc,268.0380,-33.3555,PSPL,MOA-2020-BLG-051 KMT-2020-BLG-0109 OMEGA TOI 
Gaia20btf,262.2197,-29.8854,PSPL,KMT-2020-BLG-0036 
Gaia20btg,268.0226,-36.8558,PSPL?,
Gaia20bth,262.6186,-27.3420,PSPL,KMT-2020-BLG-0044 
Gaia20bti,268.8057,-34.5875,PSPL,MOA-2020-BLG-008 KMT-2020-BLG-0104 OMEGA TOI 
Gaia20btq,264.9623,-25.6310,PSPL,KMT-2020-BLG-0180 
Gaia20btr,263.7052,-23.5398,PSPL,
Gaia20btx,263.3400,-29.8727,PSPL,KMT-2020-BLG-0188 
Gaia20bua,268.7602,-22.0972,PSPL,ZTF20abbbcsy 
Gaia20buc,270.1228,-26.7683,PSPL,MOA-2020-BLG-027 KMT-2020-BLG-0286 OMEGA TOI 
Gaia20bud,263.1304,-19.7098,PSPL?,ZTF20aawhupe 
Gaia20bvc,276.9774,-16.8349,PSPL,ZTF20aawidjb OMEGA TOI 
Gaia20cfp,173.8187,-55.0415,bin/par?,BHTOM TOI 
Gaia20ckk,194.4532,-60.4649,PSPL?,OMEGA TOI 
Gaia20ckx,198.5461,-64.9822,PSPL,OMEGA TOI 
Gaia20cnv,296.8842,23.5108,PSPL?,ZTF18acnwntv 
Gaia20cnw,295.6100,20.5438,PSPL,ZTF20aavtedl OMEGA TOI 
Gaia20crp,286.6554,15.3158,bin/par,ZTF20abprrct 
Gaia20dgg,244.5444,-54.9556,bin/par?,
Gaia20diu,246.9290,-46.1117,PSPL,
Gaia20dog,223.5756,-55.9587,PSPL,OMEGA TOI 
Gaia20drf,256.2843,-44.5204,Par?,OMEGA TOI BHTOM TOI 
Gaia20dsa,259.6870,-38.6056,PSPL?,
Gaia20dsl,258.9017,-34.3880,PSPL?,
Gaia20dtg,266.3842,-35.3677,PSPL?,OMEGA TOI 
Gaia20dtu,264.1659,-29.4194,PSPL?,KMT-2020-BLG-0394 
Gaia20dtv,262.6669,-27.8132,PSPL,ASASSN-20kb ZTF20abfbnur 
Gaia20dtw,266.2960,-25.4080,PSPL,KMT-2020-BLG-0101 OMEGA TOI 
Gaia20duh,266.6805,-26.0259,PSPL?,
Gaia20dun,271.0843,-26.5182,PSPL,MOA-2020-BLG-079 OMEGA TOI 
Gaia20dum,274.5325,-33.3377,PSPL?,
Gaia20dup,271.4795,-30.3369,Par,MOA-2019-BLG-284 KMT-2019-BLG-1015 OMEGA TOI BHTOM TOI 
Gaia20dvb,274.1533,-29.8028,PSPL?,KMT-2020-BLG-0448 
Gaia20dvc,264.9891,-16.4357,PSPL,ZTF20abqcanu 
Gaia20dve,272.3908,-30.6845,PSPL,
Gaia20dvf,270.7106,-27.1436,PSPL,MOA-2020-BLG-224 KMT-2020-BLG-0647 
Gaia20dvl,276.0084,-30.0197,PSPL?,
Gaia20dvn,270.1127,-19.7827,PSPL,ZTF20abkhfkb 
Gaia20dwb,275.7884,-25.1631,PSPL?,
Gaia20dwf,276.6225,-20.0811,PSPL,OMEGA TOI BHTOM TOI 
Gaia20dwp,276.9192,-18.0413,PSPL,ZTF20abgrpjg OMEGA TOI 
Gaia20dxd,281.7202,-21.5128,PSPL?,
Gaia20dxg,280.2076,-10.2856,PSPL,ZTF20abkymiq OMEGA TOI 
Gaia20ebu,324.5773,48.4792,PSPL,ZTF20abvwhlb OMEGA TOI 
Gaia20ebq,187.5453,-67.6639,Par?,
Gaia20ecw,272.3809,-35.8710,PSPL?,OMEGA TOI 
Gaia20ecy,268.4325,-32.5894,PSPL,MOA-2020-BLG-208 OMEGA TOI 
Gaia20ecz,269.6522,-28.1856,bin,MOA-2020-BLG-212 KMT-2020-BLG-0695 OMEGA TOI 
Gaia20edf,267.9986,-30.4777,PSPL,MOA-2020-BLG-203 KMT-2020-BLG-0641 OMEGA TOI 
Gaia20edm,266.7303,-26.9423,PSPL,KMT-2020-BLG-0626 OMEGA TOI 
Gaia20edn,266.0822,-27.4882,PSPL,KMT-2020-BLG-0574 OMEGA TOI 
Gaia20edz,286.3089,-6.6688,PSPL?,OMEGA TOI 
Gaia20eei,279.3281,-10.7868,PSPL,OMEGA TOI 
Gaia20eha,301.5498,35.6317,PSPL,ZTF20abxwenr 
Gaia20ekw,162.5171,-65.3831,PSPL,
Gaia20enh,245.8446,-55.5537,PSPL?,OMEGA TOI BHTOM TOI 
Gaia20eoc,252.0805,-51.0610,PSPL?,OMEGA TOI 
Gaia20eoj,248.0679,-35.7362,PSPL?,OMEGA TOI 
Gaia20eom,266.6594,-52.8414,PSPL?,OMEGA TOI 
Gaia20epj,261.8761,-39.5910,PSPL?,OMEGA TOI 
Gaia20epl,259.1917,-40.4175,PSPL,
Gaia20epr,267.8499,-40.1759,PSPL?,
Gaia20eqk,267.8516,-36.8240,PSPL?,OMEGA TOI 
Gaia20eqj,263.7746,-28.0580,bin,KMT-2020-BLG-0764 OMEGA TOI 
Gaia20eqp,268.0646,-29.6322,PSPL,KMT-2020-BLG-0834 
Gaia20eqr,268.4628,-29.4808,bin?,MOA-2020-BLG-277 OMEGA TOI 
Gaia20eqs,268.8859,-29.0952,PSPL,MOA-2020-BLG-250 KMT-2020-BLG-0797 OMEGA TOI 
Gaia20equ,270.1269,-30.2407,PSPL,MOA-2020-BLG-255 KMT-2020-BLG-0787 OMEGA TOI 
Gaia20eqx,270.0981,-28.3740,?,OMEGA TOI 
Gaia20erh,82.4527,15.4284,PSPL,ZTF20abztmco BHTOM TOI 
Gaia20eri,266.1927,-25.8316,PSPL?,KMT-2020-BLG-0838 
Gaia20err,268.9945,-18.1858,PSPL?,OMEGA TOI 
Gaia20erx,272.5675,-23.3614,PSPL?,OMEGA TOI 
Gaia20esu,278.4791,-9.0691,Par?,
Gaia20euq,294.8178,-5.0554,bin/par?,ZTF20achpgdp OMEGA TOI 
Gaia20fhv,297.0495,14.0154,Par?,
Gaia20fig,291.9378,-0.3363,PSPL,ZTF20acjzftp 
Gaia20fit,285.9735,-18.1014,PSPL?,OMEGA TOI 
Gaia20fje,287.3217,14.9694,PSPL,OMEGA TOI 
Gaia20fji,287.4477,-5.4726,PSPL?,
Gaia20fju,285.0880,0.5753,PSPL?,
Gaia20fnr,90.2670,-18.9677,bin,AP19384674 OMEGA TOI BHTOM TOI 
Gaia20fpt,287.0885,14.8739,Par?,
Gaia20fsn,291.9120,26.8029,PSPL,ZTF20aculhzd OMEGA TOI 
Gaia20fxg,220.3657,-46.4181,PSPL?,
Gaia21aip,165.9751,-54.1334,?,
Gaia21ajp,319.6591,59.1128,PSPL,ZTF20acqjshl 
Gaia21anm,302.5368,36.9422,PSPL,ZTF20acvazdi 
Gaia21asq,293.3416,20.4390,PSPL,ZTF21aagtzzg OMEGA TOI BHTOM TOI 
Gaia21atr,287.8358,13.7174,Par?,BHTOM TOI 
Gaia21ats,295.6374,19.5826,PSPL,ZTF21aaguapj 
Gaia21auk,271.2803,-7.6100,PSPL,ZTF21aajkflf 
Gaia21auw,262.3259,-21.8753,bin,in ASAS-SN ZTF21aawqeqn OMEGA TOI BHTOM TOI 
Gaia21awi,265.1243,-26.6192,PSPL,KMT-2021-BLG-0058 
Gaia21awe,244.9492,-45.9768,PSPL?,
Gaia21awj,275.6639,-12.2353,PSPL?,ZTF21aajjwoa 
Gaia21aws,218.1593,-55.5611,PSPL,OMEGA TOI 
Gaia21axa,270.1812,-25.7814,PSPL,KMT-2021-BLG-3063 
Gaia21axj,274.4694,-20.4916,PSPL?,OMEGA TOI 
Gaia21axk,279.0067,-12.0485,Par?,ZTF21aaiuhqu OMEGA TOI BHTOM TOI 
Gaia21axl,263.8161,-35.7573,PSPL?,OMEGA TOI 
Gaia21axo,146.9527,-49.3920,PSPL,OMEGA TOI 
Gaia21axp,211.9119,-64.6405,Par?,OMEGA TOI 
Gaia21axq,276.2225,-21.5679,Par?,OMEGA TOI 
Gaia21axr,268.6453,-36.2082,PSPL?,OMEGA TOI 
Gaia21ayd,276.2887,-19.4997,PSPL?,
Gaia21ayh,281.6248,-13.0644,PSPL,ZTF21aaiuhai OMEGA TOI 
Gaia21ayo,275.6565,-19.5534,PSPL?,
Gaia21ayq,280.5972,-13.3893,?,
Gaia21ayr,260.8424,-41.6135,PSPL,OMEGA TOI 
Gaia21azb,290.6390,6.5189,Par?,ASASSN-21ht OMEGA TOI BHTOM TOI 
Gaia21azc,271.8721,-34.4300,Par?,
Gaia21azd,286.8825,-5.3304,Par?,ZTF21aahfznf 
Gaia21azl,257.2821,-48.9366,PSPL?,
Gaia21azo,283.8765,-10.8496,PSPL?,ZTF21aaiugqi 
Gaia21azr,275.1732,-27.3613,PSPL?,
Gaia21bad,277.8767,-24.0631,PSPL?,in ASAS-SN 
Gaia21bbi,292.7609,19.2425,Par?,ZTF21aamabwa OMEGA TOI 
Gaia21bde,286.3031,14.8600,PSPL,ZTF21aaowecs 
Gaia21bfr,281.5346,-10.2073,PSPL,ZTF21aapwdxb OMEGA TOI BHTOM TOI 
Gaia21bgn,280.6953,-19.9865,?,
Gaia21bhp,273.8857,-30.5880,PSPL?,
Gaia21bia,268.2426,-29.0012,PSPL,MOA-2021-BLG-010 KMT-2021-BLG-0164 OMEGA TOI 
Gaia21bik,270.2203,-36.0699,PSPL,
Gaia21blg,230.4771,-54.7816,PSPL,OMEGA TOI BHTOM TOI 
Gaia21blx,223.3143,-62.0252,bin/par,OMEGA TOI BHTOM TOI 
Gaia21blv,224.8753,-52.9827,bin/par?,OMEGA TOI 
Gaia21bol,171.5904,-69.3585,PSPL?,OMEGA TOI BHTOM TOI 
Gaia21bon,172.3562,-67.1592,PSPL,OMEGA TOI BHTOM TOI 
Gaia21bop,194.5063,-57.4950,PSPL?,OMEGA TOI BHTOM TOI 
Gaia21bqa,172.1598,-56.6100,PSPL,
Gaia21brx,77.7649,24.4288,bin/par?,ZTF20acwivua BHTOM TOI 
Gaia21bsg,262.7562,-21.4012,bin,ZTF21aawqeqt OMEGA TOI BHTOM TOI 
Gaia21bss,268.7121,-21.4351,PSPL,
Gaia21bst,261.2660,-28.7523,PSPL,KMT-2021-BLG-0243 
Gaia21bsu,266.0558,-22.1182,PSPL,KMT-2021-BLG-0067 
Gaia21bsv,269.4583,-21.3522,PSPL?,
Gaia21bta,266.5176,-23.8303,PSPL?,OMEGA TOI 
Gaia21btu,273.0452,-21.3035,PSPL?,OMEGA TOI BHTOM TOI 
Gaia21bub,233.5024,-49.4137,PSPL?,
Gaia21bvg,277.8506,-34.2014,Par?,in ASAS-SN BHTOM TOI 
Gaia21bwr,233.1900,-62.0964,Par?,OMEGA TOI BHTOM TOI 
Gaia21bzr,358.2625,67.2320,Par?,OMEGA TOI BHTOM TOI 
Gaia21ccu,142.9621,-55.2992,bin,ASASSN-21gs AP39893456 OMEGA TOI BHTOM TOI 
Gaia21cgy,299.5668,20.7599,PSPL?,
Gaia21chq,286.9666,18.6225,PSPL,OMEGA TOI 
Gaia21cjc,289.1614,5.3215,Par?,ZTF21aaymbrh OMEGA TOI BHTOM TOI 
Gaia21cki,288.9652,-7.2116,Par?,ASASSN-21gq ZTF21aanfcmk OMEGA TOI BHTOM TOI 
Gaia21ckj,283.3459,-1.2351,PSPL,ZTF21aaxldzb OMEGA TOI BHTOM TOI 
Gaia21cnn,286.6429,-10.0092,PSPL?,ZTF21abduvqo OMEGA TOI 
Gaia21ctk,172.1906,-58.4137,PSPL?,BHTOM TOI 
Gaia21ctx,182.9675,-62.3909,PSPL,OMEGA TOI BHTOM TOI 
Gaia21cuj,193.1942,-63.9464,PSPL,OMEGA TOI 
Gaia21cuk,202.1003,-66.3757,PSPL,
Gaia21cvu,309.7166,3.7270,PSPL,
Gaia21cwf,220.8803,-61.8149,Par?,OMEGA TOI 
Gaia21cwj,222.2821,-61.2075,PSPL?,
Gaia21dcp,216.7228,-62.6829,PSPL,BHTOM TOI 
Gaia21ddq,193.8981,-64.1435,PSPL?,
Gaia21dls,293.7572,32.0161,bin/par,ZTF21abotllt OMEGA TOI 
Gaia21dnc,324.5451,26.4666,Par?,ASASSN-21mc APJ213810.82+262759.7 ZTF18abktckv OMEGA TOI BHTOM TOI 
Gaia21dpb,321.3745,46.4191,bin/par,ZTF21abtulxp OMEGA TOI BHTOM TOI 
Gaia21dvx,247.4399,-44.7769,bin/par,OMEGA TOI BHTOM TOI 
Gaia21dyh,266.4477,-34.7004,PSPL,MOA-2021-BLG-217 KMT-2021-BLG-0978 OMEGA TOI BHTOM TOI 
Gaia21dyl,269.4588,-33.6696,PSPL,KMT-2021-BLG-0254 OMEGA TOI BHTOM TOI 
Gaia21dyr,264.3079,-29.5592,PSPL,KMT-2021-BLG-2119 BHTOM TOI 
Gaia21dys,264.5654,-28.7631,PSPL,KMT-2021-BLG-2031 BHTOM TOI 
Gaia21dyt,264.5465,-28.2427,PSPL,KMT-2021-BLG-1349 BHTOM TOI 
Gaia21dyw,269.6259,-32.2935,PSPL,MOA-2021-BLG-325 KMT-2021-BLG-1264 OMEGA TOI BHTOM TOI 
Gaia21eak,274.8900,-18.3664,PSPL,ZTF21abitsll OMEGA TOI BHTOM TOI 
Gaia21eay,274.6622,-12.3732,PSPL,ZTF21abihdde BHTOM TOI 
Gaia21eaz,277.0748,-17.7172,PSPL,ZTF21abmnkml BHTOM TOI 
Gaia21ebw,282.5666,-13.6587,Par,ZTF21abscqqf BHTOM TOI 
Gaia21ecf,280.7424,-6.9170,PSPL?,BHTOM TOI 
Gaia21ecy,285.3438,11.8676,Par?,BHTOM TOI 
Gaia21ecz,288.4270,4.9155,PSPL,ZTF21abhqzzh OMEGA TOI BHTOM TOI 
Gaia21edg,287.8596,12.5449,PSPL,OMEGA TOI BHTOM TOI 
Gaia21eeb,294.2867,13.0958,PSPL,ZTF21abouknq BHTOM TOI 
Gaia21eej,295.8351,17.9116,PSPL,
Gaia21eek,293.4296,31.4578,PSPL?,
Gaia21efs,307.4245,31.2952,Par,in ASAS-SN ZTF21abqhbuh OMEGA TOI BHTOM TOI 
Gaia21ehk,221.9086,-61.6126,PSPL,OMEGA TOI BHTOM TOI 
Gaia21ehy,273.6077,-36.2894,PSPL?,OMEGA TOI 
Gaia21eid,229.7594,-53.1357,PSPL,
Gaia21eif,271.1551,-33.7391,PSPL?,
Gaia21eir,260.2155,-40.0724,PSPL?,BHTOM TOI 
Gaia21eix,263.6840,-34.1872,PSPL?,BHTOM TOI 
Gaia21eja,272.0378,-28.6376,PSPL,MOA-2021-BLG-346 KMT-2021-BLG-2184 OMEGA TOI 
Gaia21eju,263.8872,-26.3639,PSPL,KMT-2021-BLG-2181 OMEGA TOI 
Gaia21ejy,261.2915,-29.2746,bin,KMT-2021-BLG-2090 OMEGA TOI 
Gaia21eki,255.0611,-28.3776,PSPL?,OMEGA TOI 
Gaia21eks,258.6071,-23.2945,PSPL,
Gaia21ekr,265.5809,-17.0096,PSPL,
Gaia21eku,274.7137,-5.6818,PSPL,ZTF21abrgqfr OMEGA TOI 
Gaia21elx,300.0401,32.8147,PSPL,OMEGA TOI 
Gaia21eqi,243.9183,-53.5908,PSPL,OMEGA TOI 
Gaia21ero,266.1772,-51.5335,PSPL?,OMEGA TOI 
Gaia21exr,291.4716,14.2937,Par?,BHTOM TOI 
Gaia21feu,201.4541,-65.3252,PSPL,OMEGA TOI BHTOM TOI 
Gaia21fet,197.2428,-61.7597,PSPL,BHTOM TOI 
Gaia21fil,332.3580,50.6260,PSPL,BHTOM TOI 
Gaia21fio,173.5408,-65.4620,PSPL,BHTOM TOI 
Gaia21fjx,303.8140,22.4500,PSPL,ZTF21acegeyw OMEGA TOI BHTOM TOI 
Gaia21fka,300.2858,32.4295,Par?,ZTF18abrrrzz OMEGA TOI 
Gaia21fkl,116.6182,-21.8756,bin/par,ZTF21acnfrae OMEGA TOI BHTOM TOI 
